Type, Insertions, Time
BST, 10, 0.025193
BST, 11, 0.143920
BST, 12, 0.366555
BST, 13, 1.373663
BST, 14, 4.792293
AVL, 10, 0.015719
AVL, 11, 0.076642
AVL, 12, 0.314301
AVL, 13, 1.212789
AVL, 14, 4.963907
TREAP, 10, 0.096558
TREAP, 11, 1.021769
TREAP, 12, 11.673806
TREAP, 13, 78.568066
TREAP, 14, 542.501364
SKIP, 10, 0.049279
SKIP, 11, 0.301378
SKIP, 12, 1.510224
SKIP, 13, 12.365451
SKIP, 14, 62.128903
