Type, Insertions, Time
BST, 1000, 0.003661
BST, 2000, 0.014085
BST, 3000, 0.029876
BST, 4000, 0.038928
BST, 5000, 0.051133
AVL, 1000, 0.000140
AVL, 2000, 0.000208
AVL, 3000, 0.000283
AVL, 4000, 0.000365
AVL, 5000, 0.000444
TREAP, 1000, 0.000076
TREAP, 2000, 0.000101
TREAP, 3000, 0.000132
TREAP, 4000, 0.000172
TREAP, 5000, 0.000201
SKIP, 1000, 0.000146
SKIP, 2000, 0.000226
SKIP, 3000, 0.000306
SKIP, 4000, 0.000394
SKIP, 5000, 0.000474
