Type, Insertions, Time
BST, 1000, 0.007646
BST, 2000, 0.015730
BST, 3000, 0.043616
BST, 4000, 0.058223
BST, 5000, 0.071700
AVL, 1000, 0.000734
AVL, 2000, 0.000795
AVL, 3000, 0.000686
AVL, 4000, 0.000662
AVL, 5000, 0.000682
TREAP, 1000, 0.000205
TREAP, 2000, 0.000209
TREAP, 3000, 0.000205
TREAP, 4000, 0.000223
TREAP, 5000, 0.000249
SKIP, 1000, 0.000505
SKIP, 2000, 0.000496
SKIP, 3000, 0.000527
SKIP, 4000, 0.000551
SKIP, 5000, 0.000597
