Type, Insertions, Time
BST, 1000, 0.008215
BST, 2000, 0.020873
BST, 3000, 0.030482
BST, 4000, 0.053377
BST, 5000, 0.069991
AVL, 1000, 0.001150
AVL, 2000, 0.001240
AVL, 3000, 0.001038
AVL, 4000, 0.000971
AVL, 5000, 0.000979
TREAP, 1000, 0.000426
TREAP, 2000, 0.000321
TREAP, 3000, 0.000279
TREAP, 4000, 0.000281
TREAP, 5000, 0.000295
SKIP, 1000, 0.000383
SKIP, 2000, 0.000364
SKIP, 3000, 0.000361
SKIP, 4000, 0.000347
SKIP, 5000, 0.000361
